16years	age	all	although	and	at	but	can	days	emotional	fan	feel	for	golden	great	have	he	hear	his	in	jim	life	lord	love	loving	many	now	of	reeves	relaxed	singer	singers	still	thank	that	the	those	time	to	voice	vouch	was	we	with	you
1st	2nd	30	47	all	and	are	back	be	blessing	came	can	convince	day	december	for	from	god	granted	greatest	have	hope	in	is	later	leave	life	lou	man	marry	mary	me	my	nam	now	of	pray	reality	receive	served	some	song	thank	that	the	this	to	tour	viet	when	who	years	you
always	are	heart	in	my	wherever	you
always	be	can	close	come	elvis	his	king	no	number	one	place	taking	the	to	will
anytime	be	begin	bet	could	for	future	generation	goes	hit	if	ill	in	it	new	on	play	radio	song	still	that	the	they	this	to
64	am	father	jim	listen	my	now	reeves	remember	to	used	was	when	young
all	as	beared	coffin	crematorium	father	favorites	has	him	in	into	it	late	meaning	my	played	singer	song	special	the	this	time	to	top	tribute	very	was
100	29	albums	along	and	as	at	australia	boxer	by	college	come	could	daddy	eric	from	generation	grandma	grandpa	guess	he	heard	him	his	in	is	jim	least	love	man	maybe	mine	mr	mummy	my	myanmar	next	no	now	of	old	presented	reeves	sing	singer	sir	songs	the	to	top	was	well	which	wonderful	years
again	and	as	elvis	entertainment	for	is	nothing	now	then	there	was
and	be	best	blues	country	elvis	ever	he	heart	if	is	music	no	of	rhythm	rock	roll	soul	the	there	was	were	will	would
baby	blow	guaranteed	like	mind	part	roller	steam	the	to	your
absolutely	elvis	forever	he	him	lord	love	made	off	really	showing	the	was	when	will
different	enjoy	familys	generations	great	hear	it	of	quality	the	to	true
all	could	favorite	forever	him	listen	my	of	singer	time	to
and	any	anytime	beautiful	distant	drums	emotions	especially	eved	get	hear	his	jim	love	of	overcome	reeves	song	songs	teary	the	very	with
and	beautiful	die	ever	every	he	his	know	loved	made	man	mother	much	music	my	never	played	so	song	sounds	that	think	this	to	will	word
all	best	country	lovey	of	one	singers	the	time	to	voice
60	but	heart	melts	my	of	prepare	rocker	sound	the	this	usually
absolutely	appreciate	at	boast	brilliant	but	can	days	element	enjoyed	for	good	his	in	jim	least	music	now	older	people	posting	thanks	that	the	this	video	was	when	who	yes
across	all	and	appreciation	beautiful	come	first	for	great	in	innocent	is	it	jim	live	long	more	music	of	reeves	reminds	rightly	so	that	the	their	think	thread	time	united	us	ve	voice
about	and	as	boy	but	by	elder	favorites	girl	great	him	interpretation	is	it	little	mother	my	number	of	on	one	plausible	put	raise	says	sisters	someone	that	the	think	this	three	tom	treat	very	who	whose	wig
1960s	boy	brought	early	girl	he	in	knew	that	the	think	to	up	was	when	who
boy	but	favorite	great	have	is	many	my	of	one	so	songs	still	they
1967	and	anyone	around	audio	autobiography	book	erudite	fantastic	is	it	listening	now	pete	rather	reading	recommend	right	spoken	the	to	version	very	well
another	away	calling	dear	different	distant	drums	favorite	flowing	gone	heard	her	jim	meaning	mum	my	now	of	oh	on	reeves	she	songs	sound	takes	tears	that	the
always	amazing	classic	drumming	heart	is	it	known	lifts	little	my	sensational	song	this
amazing	an	before	heard	never	rhythm	song	this	voice	what	wow
about	changed	controlling	four	is	like	mine	my	name	or	parents	song	this	three	was	when	who
and	asked	can	childhood	friends	is	it	just	listen	me	mom	my	now	seen	she	sing	singing	something	song	started	stop	the	this	to	today
100	along	and	beatles	best	classic	dylan	even	from	music	now	on	over	played	so	stones	that	the	will	with	years
album	be	could	doubt	ever	for	greatest	handedly	has	its	just	me	no	of	only	single	so	story	that	the	tommy	unbelievable	weird	who	work
barry	been	brilliant	done	had	he	if	it	like	love	me	mix	motown	nice	of	orchestra	palmer	reminds	robert	so	song	such	too	unlimited	ve	version	white	would
all	back	builds	crescendo	favorites	it	magnificent	matched	my	of	one	or	rarely	then	time	to	today
and	band	broken	fell	first	for	heard	hearted	hit	home	in	it	love	me	on	really	road	song	the	this	time	was	with
60s	90s	95	about	alive	appreciate	around	back	be	but	cut	day	do	don	enjoy	enthusiastic	ever	folks	get	god	grown	hardly	have	in	it	like	magic	man	meaning	music	no	oh	play	playing	short	something	talking	that	the	then	they	this	through	to	uhh	wanna	was	we	when
anyone	beat	can	classic	does	drummer	find	it	know	love	on	thanks	that	the	this	was	who
amazing	and	arrangements	arrangers	background	classics	credit	deserved	did	dramatic	for	got	it	love	most	music	my	never	of	on	one	orchestrators	pop	powerful	probably	sharing	songs	thank	the	these	they	work	you	youth
before	don	dropped	found	go	let	song	this	trailer	week
all	am	any	cause	good	here	like	listen	music	must	not	of	other	parents	phones	song	them	this	to	you
always	and	at	called	camels	desert	don	east	go	hear	it	job	let	lol	makes	me	middle	my	of	or	parts	saw	side	song	that	the	think	this	till	trailer	was	what	wondered	world
days	don	great	hears	its	now	sad	song	songs	these	we	words
am	and	here	him	listen	look	me	mom	my	so	song	this	to	told	up
elvis	forever	great	live	long	many	miss	never	of	singers	the	why	will	world	you
along	beautiful	cry	emotion	every	family	his	king	live	long	makes	me	much	of	pics	single	so	song	the	this	those	time	with
generation	generations	in	just	lived	music	my	prefer	song	than	this	wish
before	guess	how	it	just	late	leave	love	most	much	of	really	someone	tell	them	too	us	we
about	amazing	and	away	because	care	chance	ever	for	girl	give	hard	have	keep	lost	love	me	met	more	most	my	of	one	ones	pushing	satisfied	showing	such	the	them	this	time	to	you
able	all	and	been	for	fulfill	gentle	go	had	he	her	him	his	it	left	life	lisa	loved	marie	princilla	sad	so	soul	started	think	to	was	when	wish	wrong
and	elvis	get	him	in	jackson	michael	never	of	presley	sad	see	so	the	time	to	was	wish
always	and	awesome	be	been	favorite	greatest	he	loss	my	singer	the	to	was	what	will	world
16	always	amazing	but	had	he	him	listen	old	only	people	to	ve	years
alone	and	any	because	can	die	do	going	grew	hard	her	how	in	learned	little	love	loved	never	of	or	probably	relationship	say	show	that	the	them	things	to	told	up	whenever	woman
barbiedolly	before	didn	get	glich	little	love	maybe	meant	music	there	this	too	was	what	with	you
2nd	age	build	came	for	grade	in	is	memory	movie	only	out	this	treasure	was	when	you	your	youth
attention	classic	in	it	joint	life	love	lyrics	many	much	my	pay	relates	situations	that	this	to	very	why
feel	given	helps	inspirational	like	me	song	this	up	very	when
all	amazing	and	bass	brothers	but	david	don	forget	funk	give	great	greatest	had	hear	jamie	jamison	levi	man	marvin	motown	of	one	others	smokey	stubbs	thanks	the	there	to	tops	troubled	underrated	up	voices	were	with
age	and	at	had	he	his	in	legend	man	much	old	power	seventeen	so	soul	such	the	this	vocal	voice	what	years	young
17	as	at	by	davis	for	goes	he	maybe	my	now	old	only	primary	school	son	song	spencer	steve	teacher	the	there	think	this	was	way	well	while	who	winwood	wrote
16	age	believe	but	for	good	hard	he	old	really	said	someone	that	there	to	years
blow	great	if	like	my	out	sing	that	to	tried	tune	voice
and	black	come	got	he	if	in	it	natural	not	out	soul	thing	to	you
are	aren	band	great	it	now	or	popular	really	recognized	shame	smashing	songs	they	too	with
60	comments	had	idea	in	it	loved	no	read	singing	song	stevie	that	the	until	was	winwood	your
100	absolutely	beautiful	excellence	gold	great	life	line	masterpiece	memories	music	of	phenomenal	pure	solid	sound	standard	talent	the	top
and	appreciated	beyond	few	he	his	in	invent	is	machine	now	people	please	realize	so	somebody	soulful	steve	teens	time	under	virtuoso	was	what	younger
1967	ago	aint	from	is	it	long	music	nothing	now	nowadays	peace	there	think	this	time	to	touch	wow
always	and	best	better	case	first	from	get	give	it	my	on	only	point	rest	shot	that	the	time	to	told	was	will	you	your
and	discover	fabulous	for	great	group	hear	it	not	often	share	such	thank	this	to	voice	wow	you
22	60	adaline	age	ask	band	brought	daughter	enjoying	evening	here	me	movie	my	of	she	the	viewing	was	when	who	with	youngest
bad	but	favorite	have	heard	is	love	merle	my	never	of	song	then	this	too	version
about	and	before	executed	exists	family	he	his	home	is	love	man	of	past	reminiscing	sad	song	tells	that
14	am	and	first	grandma	in	introduced	it	love	my	now	only	shall	song	still	thank	this	to	was	when	with
always	and	but	by	her	is	know	laura	my	name	sing	this	thomas	to	tommy	wifes
1960	as	do	finest	for	hit	it	love	me	of	one	out	really	single	singles	stands	the	this
afterwords	but	get	happened	hit	like	lost	lovely	many	one	so	though	voice	what	wonder
and	can	enjoy	it	love	nice	one	relax	song	this	what
friend	is	keeps	laura	me	my	name	on	singing	this	to
all	appreciate	can	great	like	me	out	shout	teens	that	the	this	to	tunes
brilliant	highlights	really	so	song	that	tragedy	well
17th	be	because	coincidence	ever	favourite	happens	is	laura	my	name	such	that	to
as	but	cheap	compilation	decent	laura	never	of	park	pictured	skank	song	the	this	trailer	until	version	video
adds	and	anymore	but	comfort	create	do	had	have	is	it	knowing	laura	like	maybe	music	not	people	personal	sorrow	the	thing	this	who
better	can	crap	grew	hear	now	of	songs	sort	than	the	these	to	up	words
and	be	best	created	ever	forgotten	music	never	should	the
and	are	cases	finished	half	in	lyrics	only	others	some	the	video	wrong
1960	21st	century	certainly	in	is	lady	much	not	she	the	this	very	video	vintage	young
any	calmer	day	days	do	good	in	like	made	make	nice	not	now	song	songs	such	they	to	what	words
all	bear	do	my	name	sad	seem	songs	the	to	why
about	are	be	careful	entertainer	greatest	of	our	person	please	say	talking	thank	the	time	was	what	who	you
concert	greatest	history	in	is	music	of	the	this
gorgeous	heart	man	melt	that	voice	would	your
but	called	good	had	he	how	king	known	rated	still	the	under	was	wish
and	can	delivery	face	from	he	high	his	how	in	last	much	notes	part	satisfied	see	sings	that	the	those	voice	when	with	you
all	american	and	artist	away	blues	but	doubt	from	greatest	have	he	here	his	in	is	james	lifetime	listened	make	may	maybe	mock	most	music	my	no	nothing	of	one	prolific	said	song	statement	take	taylor	that	the	thing	this	three	time	times	to	tune	ve	version	when	white	with	writers	written
and	awesome	be	coolest	elvis	ever	his	is	most	name	person	song	sung	the
be	best	could	ever	for	have	he	him	just	live	me	once	seen	the	there	was	will	wish
and	appears	at	been	concert	elvis	enjoying	fine	gone	had	over	priscilla	ride	the	this	year
certainly	earth	fella	gorgeous	he	him	his	however	imaging	just	left	lol	looking	mark	me	my	now	over	right	rolling	soon	stunning	this	too	was
all	awesome	best	blues	but	by	comparison	do	doubt	genres	great	have	in	incredible	love	man	many	most	mr	music	no	not	of	one	only	presley	really	singer	singing	so	song	still	the	this	were	world	you
all	always	and	at	beginning	forever	he	how	king	know	laughs	like	looks	love	music	of	side	song	the	then	thinking	to	was	what	would
background	blues	elvis	for	great	hear	it	love	on	parody	period	playing	song	the	this	to
bluesy	comfortable	definitely	down	he	his	low	most	music	of	roots	style	think	this	with
and	bless	elvis	forever	friend	god	greatest	miss	my	now	the	then	we	you
angel	artist	concerts	died	earth	effort	eyes	from	god	greatest	handsome	he	his	in	man	most	much	on	peace	rest	see	so	sufferience	that	the	too	unique	voice	why	young
be	did	for	he	it	masterpiece	minutes	never	of	or	over	perfect	recoding	so	studio	that	why	wonder	would
again	always	and	back	be	because	but	can	coming	else	elvis	forever	gone	heard	in	is	its	keep	life	like	no	now	one	other	our	some	special	there	this	time	to	too	very	video	videos
be	can	cover	elvis	for	forget	harmonica	in	it	key	look	making	never	of	on	played	song	soooo	the	this	tune	we	will	you	your
absolutely	all	and	are	band	bless	burton	elvis	entertainer	fantastic	forever	glen	god	great	greatest	hardin	heart	heaven	in	james	my	over	singer	tcb	the	time	vocalist	what	world	you	yuo
all	and	fantastic	greatest	music	of	performance	the	time	voice	what
amazing	and	another	as	back	been	bone	brilliant	but	call	come	do	get	great	have	he	his	how	interpreter	is	liked	many	masterpiece	me	not	of	proof	them	there	this	to	together	work	wrong	yet
adore	and	beautiful	biggest	elvis	handsome	history	hot	in	most	music	sexy	singer	song	the	this
by	close	come	elvis	entertainer	ever	god	greatest	here	in	man	no	one	peace	rest	see	sent	that	the	this	to	was	who	will	world
40	and	burton	elvis	from	have	is	james	must	nelson	old	over	rickey	rocks	song	stolen	this	years
all	always	and	are	be	compared	for	has	he	here	him	his	if	is	it	king	more	music	not	nothing	others	stealing	still	the	they	to	was	will	would
any	better	can	fantastic	favorites	get	gold	my	of	one	perfect	pure
adam	and	backing	barry	but	faith	from	good	great	he	john	made	orchestra	pizzicato	pop	really	records	singer	so	strings	superb	technically	the	use	was	wasn	what
50s	60s	about	always	and	as	aunts	born	but	elvis	emotion	for	genuine	grew	heartfelt	in	late	more	my	orbison	preferred	raved	roy	songs	sung	thank	the	they	this	thought	uncles	up	was	were	with	you
and	based	been	best	favorite	feeling	for	generation	his	if	known	my	of	on	performer	popularity	roy	solely	sure	talent	the	ve	were	would
50	60	and	from	in	music	no	songs	soul	the	there	today	unlike
baritone	bass	complexing	did	he	his	if	know	not	or	singer	so	soprano	talented	tenor	that	voice	was
about	alone	and	being	bit	depressed	feeling	know	listened	lonely	not	now	right	roy	then	to
classic	continue	enjoy	his	is	legacy	live	lonely	of	on	only	that	the	to	we	wil	will	work
agree	big	completely	converts	expression	feelings	from	great	into	lyrics	my	nice	stuff	thanks	the
16	artists	daughter	exposed	good	great	her	knew	like	loves	music	my	never	old	on	orbison	right	rock	roll	she	this	to	until	was	what	year
16	age	and	begin	day	hope	is	kind	like	love	my	of	old	one	really	song	this	those	to	which	will	wonderful	wow	years
all	bless	don	fantastic	god	he	know	missed	ones	roy	singer	the	they	was	what	you	young
1988	1989	about	amazing	and	away	be	been	bournemout	bournemouth	brings	by	centre	december	eyes	first	forgotton	have	he	his	home	in	january	ll	my	never	passed	pavillion	rip	road	roy	song	start	tears	that	the	to	tour	town	truly	uk	venue	was	way	westover	when	would	you
2010	all	and	at	be	both	boys	burnt	cash	die	door	down	family	henderson	house	in	is	jr	location	looking	love	man	music	my	never	next	old	performer	person	roy	sir	site	stood	tennessee	the	their	to	visited	will	wonderful	yes	you
always	classics	it	like	pleasure	stumble	this	to	upon
an	cherish	forever	forget	his	love	magnificent	man	music	never	orbison	roy	will	you	your
50s	60s	beat	beautiful	early	has	late	period	song	the	to	totally	unique
all	awesome	had	he	his	own	range	style	that	was
drinking	him	invent	listen	live	machine	made	mediterranean	my	oh	please	self	the	time	to	want	wine
100	agree	always	back	could	live	then	wished
ago	and	assignment	english	for	homework	it	just	looked	love	minutes	now	searched	song	this	up
ago	all	and	are	at	away	can	cry	dare	do	feelings	from	germany	is	like	listen	love	make	man	more	mum	music	my	passed	seldom	songs	that	the	then	there	this	to	totally	two	understand	very	vulnerable	when	years	you	your
and	any	doesn	folks	glad	has	have	hear	heart	hope	just	like	maybe	of	played	real	rock	roll	some	stuff	the	to	today	world	young
about	ago	album	always	an	as	baby	be	dig	ended	find	have	it	know	ll	long	moved	not	on	out	re	remember	so	song	sure	talking	the	think	through	to	will	years	you	your
actually	back	had	sing	to	when	you
country	great	is	like	music	now	this	was	wished
again	and	believe	country	for	god	hear	is	junk	music	never	play	radio	real	rock	sirius	sucks	thank	that	they	this	today	true	we	will	youtube
and	beautiful	by	country	disc	ever	for	gold	great	hank	him	locklin	most	of	one	recorded	selling	single	songs	the	to	top
ain	classics	country	do	just	love	no	not	old	stuff	the	these
always	and	another	believe	cramer	delivery	distinctive	do	floyd	had	have	ivorys	legend	locklin	loved	on	song	such	that	the	this	voice
25	and	anything	can	classic	country	ever	favorite	go	is	music	my	stand	the	this	to	today
and	dad	is	it	kind	love	mom	music	my	of	this	western
17	am	and	falling	in	love	music	old	school	with	years
about	banging	dad	from	got	in	incredible	kitchen	music	my	of	out	recordings	still	the	this	was	when
about	an	country	heard	hits	infomercial	it	jukebox	love	on	song	this	tv
amen	best	blessing	come	everyone	for	god	him	his	knows	many	really	to	who	years	yet
classic	country	did	great	hank	hits	it	many	so	thank	well	with	you
comment	ever	funniest	is	lmao	on	saw	the	this	youtube
and	facebook	has	it	just	let	lie	liked	me	my	no	on	only	photo	post	ricky	shared	this	youtube
friend	girl	have	laura	nice	very	young
bad	hates	in	it	laura	mood	my	she	sing	sister	this	to	when
after	at	but	grandparents	it	least	means	my	named	not	quite	something	song	still	this	to	was	why
background	barely	like	listen	music	no	nowadays	to	words	wow	you
just	listening	love	old	songs	those	to
but	childhood	didn	friends	grandpa	great	he	is	my	serious	think	this	was
best	but	fogerty	has	john	like	of	song	still	the	think	this	version
and	first	gladys	heard	hearing	it	knights	love	of	this	time	version	was
and	are	could	get	john	listen	never	over	right	so	song	that	tired	to	you
all	favorites	for	much	my	of	one	sharing	so	thank	this	time	you
always	been	don	favorites	for	has	like	make	of	one	posting	shame	sure	thank	them	they	this	to	used	what	you
awesome	better	country	dies	get	it	just	like	love	never	old	really	this
behind	childhood	favorite	for	man	my	screen	sharing	thank	the	this	you
anybody	by	does	don	for	is	it	know	nice	on	piano	posting	robertson	thanks	that	the	this	video	way
enjoy	for	listening	old	posting	really	songs	thanks	the	wonderful
can	country	down	fans	fashioned	for	good	great	keep	many	of	old	post	see	so	song	thanks	this	to	you	young
advice	again	am	and	back	once	real	replying	some	sound	this	time	to
at	best	country	hear	how	it	its	love	many	matter	no	pop	song	this	times
about	after	all	and	anyone	as	be	but	could	faithful	great	infidelity	is	it	know	losing	lyrics	make	married	of	sentiment	song	temptation	that	the	think	this	to	true	uncomfortable	will
and	but	great	in	is	locklin	my	one	only	opinion	that	the	this	too	version	well
don	great	here	like	make	nowadays	performance	rock	stars	they	to	used
27	and	country	don	good	have	in	music	people	real	taste
anymore	but	country	don	get	happened	isn	it	just	like	mean	music	of	some	today	what
and	days	do	don	have	hip	let	life	like	low	meaning	music	now	over	pop	rap	take	this	we	why
500	after	am	and	appreciate	ask	convinced	even	for	heart	listening	man	of	song	stone	that	this	times	to	transplant	with	would
can	dance	daughter	love	music	my	old	only	she	song	this	with	years
am	best	better	englebert	feel	feeling	friend	hear	his	is	low	my	once	songs	when
could	have	last	someone	special	waltz	wish	with
also	and	beautiful	could	forever	handsome	he	his	is	love	me	now	so	song	then	touching	voice	what	woo
artist	became	don	explain	feelings	for	global	know	legend	my	of	star	start	suddenly	superstar	then	to	true	voice	where	who	wonderful
and	best	better	brilliant	come	course	don	englebert	for	he	me	much	of	song	sung	than	the	they	well
again	beautiful	doc	fall	in	love	peace	song	to	what	would
can	change	for	it	love	my	old	songs	the
always	happy	it	love	make	me	nice	song	that
actually	age	describes	golden	great	how	melody	such	that	the	was
as	beautiful	could	darling	didn	god	know	make	my	one	so	you
and	beautiful	by	englebert	ever	is	most	of	one	only	songs	that	the	think	this
beautiful	belongs	by	everyone	legend	loves	sang	song	to	true	who
at	dance	have	my	someday	song	this	to	wedding	would
after	and	any	beautiful	compose	decades	do	is	many	memorable	not	nowadays	so	songs	that	they	touching
around	brought	come	dancing	family	favorite	first	here	just	me	strickly	the	this	time	was
also	any	are	as	by	nice	passed	same	so	songs	still	the	time	whenever
any	beautiful	can	genre	how	just	like	lover	music	not	of	this
10	11	amazing	amazingly	an	and	beautiful	dance	feel	for	getting	great	it	just	like	love	lyrics	makes	mesmerizing	much	music	of	on	scale	sharing	so	song	such	superb	the	this	thx	to	undoubtedly	up	voice	waltz	you
ago	always	and	beautiful	come	concert	days	dream	few	his	it	love	music	see	song	to	true	very	was	what
always	been	best	for	have	he	his	is	life	love	me	my	of	part	singer	songs	the	they
be	ever	got	has	most	of	one	peace	romantic	song	songs	sweetest	the	this	to	wow
and	break	everyday	is	life	lonely	love	man	me	my	start	then	this	to	up	wake	without
1967	beautiful	blasted	by	cassani	comes	course	engelbert	from	in	innamoro	into	italian	maro	melody	obscure	of	original	panzeri	parrot	quando	really	records	stratosphere	the	then	think	this	version
beauty	can	grandmother	his	is	loved	music	my	pure	this	understand	why
all	artist	beautiful	favorite	grew	know	lyrics	mom	my	songs	still	the	these	up	with
14	and	beautiful	cousin	family	favorite	from	hear	is	it	know	learn	my	old	our	song	this	to	was	when	yrs
ever	existed	has	magnificent	most	of	one	that	the	voices
all	appeals	are	artists	by	classic	found	generations	just	modern	out	some	songs	sung	that	these	to	today	were
could	like	make	more	songs	they	this	today	wish
forget	me	my	never	no	on	out	record	this	walked	was	when	wife	will
and	any	both	cloudy	freedom	from	love	loved	mornings	of	ones	presence	the
and	appear	ever	forever	in	mankind	of	one	ones	songs	stay	that	those
age	always	called	describes	for	golden	loved	many	of	old	so	song	that	the	this	us	years
2019	classic	ever	happened	listening	romance	romantic	song	to	what
am	even	genre	have	listening	meaning	music	not	nowadays	song	still	teen	this	with
arms	cause	day	hold	loving	make	me	no	painful	so	song	this	till	to	ve
beautiful	from	get	grew	in	listening	most	never	number	of	one	song	soulful	the	this	tired	to	up	voices	world
be	cloud	computing	great	in	lost	mans	never	songs	thanks	this	time	to	will
amazing	and	classic	for	song	thank	truly	uploading	voice	you
again	break	don	everyday	if	not	sleep	to	try	up	wake	want	you
class	eurovision	for	have	he	its	just	re	recorded	should	song	this
at	can	days	is	looking	lyrics	of	old	power	sing	song	the	this	without
all	and	bless	care	family	god	good	got	he	love	lovely	sing	singer	take	them	to	too	wife	your
irreplaceable	music	untouchable	very
but	don	else	good	guys	just	know	like	off	please	profiting	someone	songs	talent	the	this	video
about	as	be	best	but	can	cruel	ended	ever	he	ironic	it	life	love	made	punishment	reckon	sing	singer	so	that	the	to	up	wish	with	worlds	worst
as	is	its	lonely	love	man	not	without
are	beauty	broken	can	heart	of	only	real	song	the	this	those	understand	who
again	all	and	anymore	appreciate	are	between	clip	days	don	each	every	everyone	far	feedback	few	has	have	hi	just	left	like	make	memories	messages	one	read	thanks	that	the	them	these	they	this	to	watched
and	class	crafted	is	massively	musicians	perfectly	performed	pop	real	song	this	underrated
and	big	can	catchy	harmonies	hear	hum	intro	it	lovely	once	pop	proper	record	sing	tune	you
great	guy	happy	he	is	sings	so	this	tune	when
70s	and	best	class	come	ever	of	one	out	pop	songs	such	the	to	written
2019	30th	feel	happy	january	listening	love	make	me	song	this	to
1st	am	any	classics	clubs	europe	for	germany	hey	honeymoon	in	in2	message	on	our	play	scan	thanks	that	the	these	time	tips	weeks
and	comments	editing	for	it	like	make	posting	thanks	that	these	this	video	watching	worthwhile
almost	an	ignore	impossible	intoxicating	intro	it	naturally	so	that	to
adele	and	can	eat	etc	good	harmonies	heart	lyrics	out	sing	singers	that	your
be	classic	dance	hits	in	is	it	millions	really	should	soul	the	this	up
an	classic	ever	intro	masterpiece	match	never	this	will
1st	21yr	accurate	and	daughters	describing	elle	especially	every	for	grace	heard	her	in	is	just	lyrics	may	my	name	of	old	one	she	single	so	the	this	time	tune	written
always	and	as	follow	great	harmonies	have	in	is	just	little	love	made	maker	number	one	song	the	this	trust	uk	up	will	you
any	be	better	intro	nice	orchestration	ruins	singing	the	tune	without	would
beautiful	compose	could	guys	love	most	music	song	the	this	those
don	if	like	something	song	there	this	with	wrong	you
appreciated	carolinas	in	is	only	really	song	the	this
and	by	dying	eh	heart	is	love	my	slowly	song	the	this	words
are	beautiful	for	her	too	vocals	words
consolation	early	far	find	hope	in	katharina	learn	loss	of	some	song	sorry	sweet	this	to	too	you	your
50	60	80	and	can	for	hear	heaven	her	in	love	loved	my	proper	ruby	singers	so	still	thank	the	we	youtube
beautiful	been	have	hit	in	should	song	the	usa
beautiful	but	for	is	people	retarded	song	this	version
all	greatest	lady	of	one	singer	teresa	the	time	was
been	brewer	evening	fantastic	have	hill	lovely	mockingbird	ms	nice	on	spend	talented	to	with	woman	would
50	alongs	and	are	be	beautiful	bird	brewer	covers	dinah	early	ford	hill	hits	instead	interpretation	into	it	late	les	like	lullaby	mary	miller	missed	mitch	mocking	of	original	page	patti	paul	sad	sang	she	shore	sing	sixties	sleepy	some	something	still	teresa	the	to	today	up	using	wake	was	were	will	wrong
be	called	great	hill	if	is	it	mockingbird	place	there	was	would
america	anymore	found	icon	not	of	one	rip	singers
all	another	her	loved	of	recordings	songs	thank	wonderful	you
favorite	has	her	is	lady	listening	love	lovely	mind	my	of	peace	this	to	voice
cheezoid	complex	glad	have	likes	lol	me	music	not	now	one	only	something	superiority	the	think	to	used	was	who	with	wrong
again	have	like	miss	no	one	teresa	that	voice	will	you
be	book	can	dynamite	in	little	miss	my	of	oldies	or	replaced	singers	topped
gentle	loping	nice	sweetest	teresa	the	version	was	what
could	do	docambra	don	give	if	is	it	just	notice	on	only	permission	remain	the	they	way	were	won	wouldn	you	youtube
earth	ever	get	heaven	ll	nearest	on	the	to	we
almost	and	are	billy	earth	handsome	its	like	much	no	of	on	one	out	sings	so	this	too	unbelievably	world	you
any	billy	by	come	copy	eckstine	gras	has	mardi	of	one	the	to
and	sarah	so	their	unique	vaughan	voices	were	with
always	beautiful	his	loved	voice	what
76	and	beautiful	don	get	gives	goosebumps	handsome	he	lovely	man	me	much	of	out	play	re	so	song	such	them	this	when	world	you
and	close	eyes	follow	just	listen	perfect	that	your
1954	another	as	billy	but	by	called	classic	eckstine	for	from	him	hit	in	is	it	no	one	single	timeless	top	was	you
and	could	handsome	have	he	heavenly	in	looks	man	met	song	this	was	wish
another	be	do	exquisite	for	have	he	him	justice	like	mans	never	no	posting	remarkable	song	thank	that	there	this	to	unique	voice	was	will	words	would	you
for	great	posting	thank	the	voice	what	wonderful	you
and	any	by	from	great	male	of	one	recordings	sinatraphile	singer	the	this	truly
beautiful	billy	ever	fabulous	most	singer	song	the	underrated	voice	what
1930	1970	any	from	history	in	knew	lived	magic	most	music	one	the	time	to	who
any	beautiful	exquisite	know	mandolin	on	one	piece	played	the	this	who
anybody	better	ever	guy	than	there	this	was
be	but	him	his	like	no	of	one	renamed	rendition	should	voice	what	wonderful	wow	you
blood	carlos	flesh	in	movie	played	the	thompson	tune	with	wonderful
difference	hearing	is	keep	music	noisy	romantic	the	this	true	tunes	we	what	with
11	17	18	baby	days	girl	granddaughter	is	love	my	nine	today	you
at	end	head	is	it	makes	musical	slap	that	the	what
all	and	be	became	before	crap	day	enough	everywhere	have	is	listen	long	on	played	radio	respectable	rock	roll	the	this	to	used	we
as	be	good	is	music	naughty	pop	should	this
an	did	environmental	file	had	impact	she	statement	the	town	whirl
12	am	and	in	its	love	only	scary	song	that	this	with
everyone	hear	like	lot	should	song	this
ads	am	belong	by	came	care	do	don	donald	epic	from	greeted	group	here	hillary	if	is	it	listen	message	not	or	pissed	political	that	they	this	to	trump	when
away	breath	exercise	have	just	literally	my	needs	says	son	song	takes	that	when	who	you	your
adult	adults	and	back	be	beautiful	beings	bringing	brought	children	consider	future	given	hands	human	in	incredibly	instead	into	lies	names	new	of	playthings	scary	stupid	the	they	think	to	were	what	when	whose	world
always	baby	me	my	parents	song	that	this	told	was
all	an	and	baby	days	door	exactly	favorite	guy	has	him	is	listen	new	next	nine	old	song	that	the	this	time	to	told
can	cell	download	my	on	put	song	this	to	where
back	day	from	great	in	insinuations	just	lyric	music	no	real	the
50	boo	from	go	music	pop	pure	rock	roll	the	white
and	believe	can	dislike	for	great	is	it	new	one	song	still	there	this	was	when
connotations	could	days	different	have	lady	lane	naughty	of	shady	the	these	very	well
all	almost	and	couple	did	favorite	first	from	have	heard	her	it	lady	loved	lovely	met	music	my	of	often	play	rip	ruby	she	singer	still	such	the	time	times	voice
15	17	about	accident	and	best	bike	came	died	friend	from	he	his	jimmy	motor	my	name	nana	out	scary	she	song	story	the	this	very	was	when	year
always	beautiful	friend	goodbye	jimmy	my	sing	song	such	tell	this	when
because	channel	found	guessing	had	jerry	just	my	of	posted	said	songs	the	vale	was	you
ago	commented	didn	figured	first	have	it	jerry	know	like	long	on	seems	song	this	time	vale	was	where	would	yes	you
and	dance	daughter	go	he	her	in	it	living	loves	my	old	room	says	she	sing	song	sway	swing	the	this	to	we	weak	when	year
00	and	at	by	get	highest	it	leave	me	music	my	on	startled	the	to	up	volume
after	apart	arte	beautiful	because	being	called	couple	el	en	fantastic	heaven	her	here	in	is	met	of	show	so	song	that	this	ti	to	us	used	work	writer	years
16	and	anyone	can	him	legendary	like	me	music	na	name	of	old	please	singers	some	this	type
did	english	first	go	he	heard	in	later	learn	lyrics	only	said	say	song	sway	the	this	thought	time	we	weak	when
an	and	chocolate	cigar	coffee	cuban	disturbing	draw	faster	imagination	in	just	life	my	need	of	old	partner	the	without	world
all	are	at	better	cases	few	in	language	lyrics	new	not	of	one	original	than	the	translation	where
always	be	best	ever	for	have	he	more	only	singer	tech	the	us	we	will	with
am	and	are	bit	dancing	dean	down	favorite	feel	headphones	is	my	on	or	pretend	put	sad	song	this	we	what	when
it	love	many	new	of	out	so	song	this	versions	was	what	year
and	beautiful	before	by	do	father	it	its	know	lately	listened	loved	my	not	sang	so	sometimes	song	this	to	was	which	who
and	buble	but	dean	in	like	martin	michael	one	original	prefer	really	spanish	the	version	voice
and	bottle	can	carnations	champaign	come	have	heard	in	of	some	the	voice
and	at	curtis	discovering	he	in	just	least	now	photo	pleasant	resembles	thanks	this	to	tony	voice	youtube
and	as	backing	being	dickie	didn	good	great	his	in	looking	melodic	music	need	of	one	singer	singers	so	such	the	true	valentine	voice	was	well	who
and	me	new	performance	terrific	to
1958	big	charismatic	couple	crown	door	frankie	gilmorton	green	had	hits	hotel	in	local	my	of	original	sang	strength	the	tower	uk	vaughan	very
1952	1957	1958	called	certain	comment	dickie	elvis	find	for	frankie	from	further	guy	in	international	male	mr	my	nme	now	poll	presley	previous	running	slot	some	taking	that	the	to	top	uk	valentine	vaughan	vocalist	vocalists	voted	was	with	years
best	billy	but	flowed	for	fury	isn	just	like	me	of	right	the	this	though	totally	unacceptable	version	voice	way
billy	did	fury	know	not	of	predating	song	there	this	version	was
1955	about	april	but	charts	in	listed	march	my	not	on	popular	the	uk	us	very
and	channel	congratulation	discover	for	france	great	hello	in	its	much	on	pleasure	sharing	sincerely	so	song	thank	this	to	video	you	your
ancient	break	enjoy	heart	how	like	music	my	never	now	regret	songs	these	will
mans	not	stops	texting	when	whose	you	your
am	every	form	greetings	netherlands	play	song	the	this	time
but	done	is	it	not	original	release	the	this	well
actress	anyone	can	first	from	is	me	tell	the	video	who
and	be	fantastic	forgot	gorgeous	hello	never	she	voice	will	woman
almost	and	bring	can	eyes	is	life	like	my	sad	she	song	tears
actor	believe	crowd	end	first	great	had	image	in	is	movie	really	that	the	tragic
covered	for	if	it	listen	me	mean	song	this	to	world	would	you
best	course	ever	great	have	is	of	seen	song	the	video
30s	60s	70s	74	alive	all	amazing	an	and	anymore	be	been	brenda	buried	but	ending	for	forever	forgotten	generation	god	happy	have	historical	in	is	know	lee	like	much	music	never	new	not	of	or	real	she	sironaca	song	songs	still	thank	that	the	these	very	was	what	would	you	youtube
and	inverted	men	not	nowadays	of	once	one	real	the	time	upon	women	world
always	listening	love	song	this	to	will
as	because	better	enjoy	even	everyday	it	last	my	treat
departs	everything	fades	love	when
about	emotional	feel	her	lyrics	more	much	so	the	voice	with
and	another	greatest	listen	oh	same	that	the	then	think	this	to	was
around	but	end	has	her	is	life	love	many	meaning	not	of	on	only	same	song	the	which	world
about	anything	are	can	done	everyone	for	forgets	great	have	help	here	hoping	in	is	it	know	lol	love	meaningful	might	no	not	outstanding	pay	person	put	repay	say	sees	selected	shots	single	that	the	this	time	to	together	wanted	was	what	who	work	you	your
all	and	brenda	could	day	great	it	lee	listen	love	not	singer	song	thanks	this	to	who	youtube
and	came	crap	felt	her	holy	just	me	next	on	right	serious	this	to
best	ever	have	is	on	seen	the	this	tube	video	you
actors	all	an	be	index	interesting	it	know	most	movies	of	see	them	those	to	would
how	is	it	love	many	people	relevant	so	song	this	to	wow
10m	and	but	change	communicate	fans	have	here	in	is	it	just	knowledge	lady	language	little	love	many	much	not	of	people	sironaca	so	song	thank	that	the	there	this	voices	way	we	without	wonderful	you
all	an	are	effect	enough	funny	had	has	hear	in	including	it	on	relationships	song	such	this	those	who
all	best	is	over	song	the	this	world
go	have	magic	only	sway	technique	that	we	weak	when	you
bless	dean	god	he	how	is	martin	may	much	so	soul	wonderful	your
and	at	dance	down	failing	fight	for	headphones	in	listening	platform	the	this	to	train	trying	up	urge	waiting	walk	xd
could	gold	man	only	pure	sing	the	this	who
bs	can	democrat	everytime	hear	of	sound	spewing	starts	the	violins
about	and	because	darkness	different	flower	guess	how	in	interpret	light	me	people	rising	song	sun	talk	the	things	this	to	words
always	child	especially	fantastic	from	had	her	loved	she	songs	such	voice	young
60s	70s	and	attraction	beauty	best	faces	full	music	natural	of
am	appreciate	ever	good	green	have	is	it	listener	much	on	sings	these	very	youtube
045	about	and	artist	at	birds	but	by	clip	do	don	get	great	has	in	mean	movie	no	of	people	she	showing	singing	sings	snow	song	stars	storm	sung	the	then	there	to	two	what	with
and	been	during	hanged	have	how	lived	lol	mind	never	probably	racism	remember	so	sometime	then	this	time	wish	would
and	big	can	every	girl	great	little	single	the	understand	voice	with	word	you
beautiful	heartbreak	it	makes	pain	sound	suckers
always	and	beautiful	do	from	handsome	look	more	much	of	past	people	present	so	the	why
beautiful	love	romantic	sad	song
and	at	better	but	davis	difference	feeling	for	good	her	in	is	least	like	made	makes	me	more	my	of	one	original	puts	seeing	she	skeeter	song	than	that	the	this	to	too	version	way	what
are	beautiful	days	in	intelligent	later	more	nicer	pretty	women
best	ever	have	heard	of	song	the	this	version	wonderful
all	cherish	every	have	is	moment	reason	should	this	we
beautiful	for	many	on	screen	silver	stars	thanks	the
again	although	and	beautiful	bogged	breaks	down	everything	feels	good	hear	if	is	it	like	live	love	of	one	recover	relationship	sad	says	some	song	takes	things	this	time	to	true	up	version	very	when	young
actors	and	brilliant	compilation	compliments	for	genius	greatest	hard	her	of	pure	screen	silver	sironaca	the	to	work
able	add	addition	age	alan	all	and	barrymore	be	being	but	by	can	clift	could	credit	dean	didn	do	extra	few	for	ford	from	get	glen	golden	great	half	hollywood	if	it	james	john	ladd	list	me	men	montgomery	movie	name	nice	of	offhand	over	past	picture	re	running	shown	someone	song	sophia	spencer	stars	stills	stumped	the	this	though	to	tracy	veronica	video	was	wayne	well	without	women	wonderful	would
if	let	love	me	would	you
ability	are	at	express	has	in	life	meaning	most	music	of	people	point	some	song	the	their	things	think	this	to	unable	understand	we	would
also	belief	first	god	in	is	it	life	love	music	my	nothing	reflects	this	without
advance	anyone	comment	corresponding	does	in	know	movies	pictures	please	tag	thank	the	time	to	with	you
1963	27	and	cause	feel	how	in	incredible	it	kind	like	living	makes	me	missing	never	of	out	released	saying	song	that	this	time	ve	was
always	are	from	not	planet	song	this	thought
abandant	and	are	blessing	divine	eternal	for	grace	hard	is	of	our	promise	receive	recognition	reward	see	selves	so	that	the	through	to	waiting	we	welbeing	welfare	why	work	working
always	and	anything	could	doing	great	it	she	sing	sounded
automatically	bethesda	did	fallout	gaming	in	it	know	not	personally	playing	singing	song	started	thanks	this	until	with
as	for	goodnight	is	it	listened	much	so	songs	thank	thankfully	that	to	you
gold	me	recommended	some	youtube
actress	an	and	anyone	background	cigarette	clip	does	glass	hand	his	holds	in	know	man	name	of	one	over	photo	she	the	this	with
am	anything	be	broken	but	can	hearts	help	hurting	like	mended	sorry	time	will	you
and	best	brenda	collection	dopamine	hit	however	in	lee	little	music	of	otherwise	out	outstanding	place	real	seems	singers	the	this	world
be	if	in	it	names	nice	of	people	photos	posted	recognized	some	the	think	video	was	would
all	am	assured	but	can	forgotten	hear	is	list	loved	not	of	one	rest	restore	she	so	sorry	that	the	to	who	you	your
always	and	be	great	here	real	really	slides	some	stars	these	too	were	will
beautiful	go	great	iconic	images	is	job	just	love	most	movies	perfect	seen	sironaca	so	song	special	that	the	these	they	this	ve	video	why	with
always	emotion	full	great	love	loving	person	singer	to	true	yes	you
150	and	at	blame	boring	cookie	crop	cutter	don	duration	emotion	entire	for	fry	get	how	is	many	mph	of	over	re	sing	singers	singing	so	song	teachers	the	they	this	use	vocal	with	you	young
at	came	could	experienced	have	it	out	really	the	this	time	wish
actresses	and	beautiful	but	by	did	distinguish	gone	is	it	look	me	more	not	of	the	years
about	actress	anyone	can	close	dark	does	face	featured	haired	half	her	is	know	on	one	see	thank	the	through	up	video	way	when	you	youtube
all	an	and	angel	anyone	by	dynamite	god	great	had	has	it	just	little	love	me	men	miss	music	no	of	one	peace	second	sent	she	some	the	to	us	voice	voices	women
could	emotion	great	interpretation	lot	of	really	sing	song	the	this	with	woman	wow
angel	dreaming	human	me	one	slap	some	up	wake
and	expressions	face	fits	for	new	nice	pictures	put	song	story	tell	the	their	those	very	video	whole	with
around	chen	end	genuinely	listening	never	peter	song	sung	the	this	to	touching	when	will	world
and	be	beautiful	briefly	can	feeling	from	glad	heart	her	joy	just	leave	left	life	shared	she	the	this	us	voice	was	we	with
beautiful	for	like	moments	much	so	song	thank	these	this	you
absolutely	and	come	gut	her	hit	like	lot	monumental	quite	sang	she	sorry	that	to	unusual	ve	version	very	voice	which	wrenching
are	arrangement	distraction	great	huge	images	jumping	poor	song	the
all	and	best	brilliant	but	changes	even	everyone	feel	good	happen	happened	heart	its	lost	makes	my	really	sad	song	still	that	the	things	thinking	will	wish
before	ever	had	hear	it	so	song	such	touching	wonderful	words
full	give	is	melancholy	of	songs	sorrow	the	these	use	what
and	as	come	devastated	does	feels	if	is	it	not	one	really	so	stops	that	the	time	times	when	world	yet
as	believe	can	could	dynamite	few	her	little	love	modern	perform	she	singer	superb	the	today	very	was
and	beautiful	couples	heavenly	legends	many	overlapped	screen	so	song	with
again	hear	kind	melody	never	of	performance	this	unbelievable	will	you
all	always	and	anymore	at	barely	brenda	but	by	don	every	favorites	fifteen	goodness	heartstrings	herself	hit	home	in	just	lee	list	lyrics	make	my	of	one	or	reality	sang	set	she	singer	songs	still	sure	the	them	these	they	think	time	torch	understood	were	will	younger
all	always	am	and	are	asking	beautiful	bless	dear	friends	god	offering	our	protect	to	wherever	you
absolutely	amazing	an	and	beautiful	brings	eyes	her	makes	me	my	of	see	songs	story	tears	the	to	voice	what
and	apart	been	if	is	know	listen	ll	love	lyrics	many	meaningful	movie	of	people	powerful	really	so	song	soundtracks	the	this	to	understand	why	you
and	are	compared	garbage	lot	music	of	singers	this	to	todays	total
affair	are	by	ends	him	it	love	moment	separated	that	the	when	yes	you
about	am	between	fantastic	frames	is	most	music	not	off	putting	so	strange	sure	the	transition	very	video
50	and	brenda	emotion	feeling	for	full	great	have	heard	heaven	her	lady	like	listening	love	more	never	of	real	she	singer	sounds	than	the	this	tire	to	voice	we	years	you
37	amazing	an	and	at	by	emotional	ever	goddard	is	it	much	paulette	so	song	thank	the	video	way	what	you
and	brilliant	choir	classic	ear	in	left	lovely	middle	million	of	perfect	piano	right	stereo	strings	such	thank	the	this	version	voice	you
against	as	battle	ensues	glorious	gun	his	last	makes	misunderstood	stand	the	tyranny	vigilante
actress	an	fantastic	have	heard	never	of	she	this	voice	was	woman
better	but	flows	in	is	like	my	opinion	original	the	this
almost	and	better	classy	describe	every	horny	love	nowadays	rebellious	romantic	song	still	story	than	which
and	called	dynamite	her	lil	miss	one	only	shes	that	they	why
and	brenda	brings	by	davis	does	emotion	great	it	job	on	originally	same	skeeter	song	sung	the	this	to
cant	greats	have	like	more	of	one	she	the	this	today	was	we	why
53	and	anyone	at	certainly	does	film	fits	in	is	it	know	singer	song	star	superb	the	well	who	with
almost	be	best	every	female	her	of	rock	roll	song	the	version	vocal	will
40	anybody	at	can	cute	recognize	unforgettable	very	woman
amazing	an	and	at	child	comfortable	command	concert	deliver	ease	effortlessly	flat	from	had	her	of	presence	prodigy	seemed	she	signature	special	to	vibrato	vocalist	voice	was
again	an	are	baby	boomer	but	come	don	doubt	era	ever	experience	have	in	is	like	lovely	lyrics	not	ones	post	really	sadly	same	seem	shame	songs	the	there	they	this	time	today	war	will	yes	young
add	and	best	black	by	coupled	days	easily	effect	enhance	from	gone	her	hey	is	long	lovely	magic	moodier	pace	photographs	plaintive	sadder	slower	sparkle	the	this	to	too	version	voice	white	with
all	and	audio	but	can	create	did	do	don	great	how	is	know	say	thank	this	to	video	what	with	wonderful	you
books	english	from	if	know	learn	messages	song	this	you
and	but	either	good	grandpa	great	is	it	me	my	not	send	song	this	wow
commercial	good	heard	hilarious	is	never	samsung	somehow	song	the	this	until	which
be	but	can	get	happy	how	it	just	listen	listening	makes	me	more	much	music	newcomers	of	older	out	retarded	sound	the	to	turn	wonder
as	can	glory	he	his	how	jeans	man	morning	on	put	soon	up	wakes
and	as	funny	gets	how	is	jackson	legend	michael	on	played	radio	regarded	still	the	though
about	all	also	and	back	behind	but	co	crap	crowd	day	did	get	great	he	him	himself	history	how	in	is	knew	know	look	made	on	plus	rest	sadly	sell	some	stage	that	the	to	tunes	we	which	wrote
all	are	cds	days	dustbin	gary	glitter	great	into	is	not	over	people	probably	so	song	the	their	these	throwing	world
be	don	gang	leader	lol	much	of	thank	to	very	want	you	your
about	an	are	everybody	excuse	got	honest	just	liking	music	nonce	of	re	rest	the	they	us	when
always	care	don	done	has	he	love	music	remains	same	song	the	what	will
are	can	committed	crime	discussing	enjoy	music	not	people	sick	the	who	without
and	for	funky	gen	god	instruments	more	music	my	of	parents	thank	this	used	was	wish	wow
all	and	any	as	being	but	cool	do	don	exceptions	few	find	frankly	good	has	in	is	it	like	made	meaningful	music	nice	nicely	not	nowadays	of	one	performed	rhythm	seventies	significance	signified	something	song	sort	the	this	those	times	tunes	what	with
and	best	black	brothers	community	could	did	group	how	in	just	life	like	living	love	man	many	moving	my	people	perform	shows	sing	song	stay	swoon	talent	tavares	the	this	your
amazingly	and	beautiful	classic	from	gorgeous	heard	is	music	song	thank	this	titans	you
certain	every	from	hear	of	scene	supernatural	think	this	time
all	can	car	fire	from	in	is	listening	now	see	song	star	the	this	titans	to	up	waking
am	and	from	heard	in	india	kind	love	of	series	songs	this	titans
can	fade	in	it	like	out	taking	the	then
and	around	good	here	me	mom	music	my	playing	real	right	sharing	thanks	to
be	best	ever	got	has	heard	song	structured	the	this	to	ve
are	curious	how	know	living	many	members	now	of	original	still	tavares	the	to
bought	happy	here	me	supernatural	yeah	you
all	angel	around	creation	for	foundation	know	moral	our	principle	reason	the	us	values	we	wings
best	dance	dancing	disco	era	for	is	it	love	the	this	to
after	an	and	angel	arm	around	at	be	beautiful	beegees	beethoven	boat	couples	cruise	dancing	disco	elaborate	even	fever	fifth	fires	gorgeous	happy	have	heaven	imagination	in	instrumental	is	it	kissing	like	lot	love	missing	most	must	my	night	of	on	one	only	or	out	princess	romantic	saturday	say	sea	see	ship	shoulder	so	song	the	this	though	to	up	version	walking	would
all	and	cannot	get	good	great	handsome	how	look	over	sound	stil	still	they	were
age	classic	for	golden	listening	music	of	pleasure	priceless	real	the
and	band	college	drum	excellent	have	heard	horns	line	percussion	perform	show	this	what
18	am	but	can	days	die	for	here	honestly	kind	listen	lol	masterpiece	never	of	song	this	to	why	will
and	gold	is	like	matter	music	no	remain	that	this	timeless	what	will	you
comment	eyes	future	here	in	leave	ll	my	see	tears	the	this	with	you
and	are	crying	eyes	her	in	killing	lyrics	me	my	tears	voice
always	and	beautiful	earth	heaven	in	love	on	out	shine	shined	sing	ya	you
2019	better	born	in	it	much	others	so	songs	than	this	time	today	was	wish
falling	is	listen	much	rain	song	this	too	when
and	awakened	dream	good	heard	in	it	just	me	played	scared	so	song	this	vivid	was	way
can	cry	hold	legends	makes	me	myself	these
10	about	and	at	came	it	just	know	least	nice	played	so	song	this	times	to
better	carpenters	classic	even	get	gets	in	is	it	listen	never	of	old	perfect	privilege	representation	songs	the	their	time	to
bag	beaten	beautiful	being	birds	can	cat	in	like	more	morning	natural	of	on	paper	pure	singers	singing	sounds	spring	talent	the	today	too	type	unlike	up	voice	wake	what	whose	with	you
and	expensive	her	iconized	is	something	voice
20	am	and	are	better	born	browsing	but	father	found	from	heard	in	my	old	songs	teenager	than	the	this	while	year
as	beautiful	controls	each	how	note	notes	of	quality	she	should	sound	the	to	unimaginable	voice
all	amazing	at	be	beautiful	born	music	that	those	time	was	wish	with	would	year
as	blocks	box	comments	could	hey	it	move	my	of	out	please	sort	texting	thank	that	the	way	you	youtube
and	but	can	clear	english	every	hear	her	in	is	karen	mother	music	my	not	nowadays	pronunciation	rare	sings	so	tongue	understand	very	voice	when	which	word
breaking	can	cry	get	he	heart	her	is	it	make	me	part	really	the	they	to	when	where
bit	cry	hell	little	makes	me	mean	not	really	sad	song	surely	the	this	why
abroad	am	appreciate	at	could	english	find	first	happy	is	it	looking	lyric	really	so	song	spend	studying	the	time	understand	without
and	bless	comment	day	family	god	have	may	read	this	those	to	who	wonderful	you	your
15	am	and	at	been	crying	damn	do	feel	girl	have	just	kinds	know	life	like	likes	my	not	of	old	reincarnated	song	songs	these	this	was	who	why
60s	backing	beautiful	born	don	enjoy	in	know	oh	old	so	sometimes	songs	the	these	those	vocals	was	why	wish
butter	cant	describe	honey	over	running	still	the	voice
and	calmness	comes	every	feeling	get	happiness	hear	of	on	smile	song	their	time	you
about	an	and	as	auto	back	but	era	form	funny	generations	grandparents	have	in	introduction	is	it	its	lest	listened	listeners	look	many	music	of	on	parents	sad	say	so	songs	the	their	them	they	think	this	to	today	true	truer	tuned	what	will	youth
because	choir	for	glad	have	head	in	it	learn	lol	my	stuck	this	to
close	different	eyes	heart	like	my	only	still	with	yesterday
in	love	loved	my	of	ones	only	remains	the	world
and	but	daughter	good	has	her	it	likes	listen	make	my	sad	she	so	think	to	voice
all	art	artists	brilliant	develop	for	given	have	millions	museum	of	over	people	piece	pleasure	the	time	to	vocal	what	who	world
beautiful	clear	colorful	die	from	karen	nice	so	song	still	this	to	unique	voice	with	world	young
be	goes	in	life	memory	my	on	song	still	this	will
about	all	and	became	cause	crush	day	favourite	for	friends	go	heard	him	his	home	it	knowing	my	name	out	repeat	search	so	song	talking	thanks	that	the	this	to	today	with	without
all	always	am	and	be	been	before	biggest	by	carpenter	effortless	far	favorite	go	had	her	inspiration	karen	music	my	of	on	own	performing	practice	pure	recordings	singer	singing	so	time	to	use	what	will
after	and	born	but	clearly	creation	credit	documentary	even	for	geniuses	gift	given	he	her	him	iconic	is	it	learned	much	not	one	responsible	singing	style	success	that	their	these	to	two	was	watching	were	with
down	ever	female	greatest	hands	have	heard	the	voice
all	days	music	nonsense	not	now	timeless	what
but	cruel	darkness	is	life	never	short	surrender	the	to	will	world
70s	amazing	bad	best	billboard	brown	ever	in	is	it	kept	leroy	of	out	pop	possibly	pretty	rock	slot	song	stupid	that	the	think	this	to	we	were	written
30	32	and	another	as	at	believe	best	but	can	combination	credit	depressing	deserved	duo	emotion	emotions	ever	feeling	female	for	go	got	guess	he	hits	if	imagine	into	is	it	know	many	much	music	musicians	never	out	passed	people	personally	probably	put	really	relate	richard	said	sang	she	so	some	songs	the	their	there	this	those	through	times	truth	very	voice	well	what	when	with	years
all	day	it	its	listen	love	makes	my	really	song	the	this	time	to	too	wonderful
artist	break	can	forever	kind	live	music	no	of	this	today	will
an	attention	be	beautiful	been	bring	disease	disorder	eating	even	foundation	had	have	her	if	in	is	its	life	lost	name	needs	no	not	passed	prevalent	question	she	should	singer	so	society	soon	such	superstars	that	the	there	these	this	to	today	too	tragedy	two	way	with	would
but	course	drum	famous	god	her	is	my	of	oh	on	singing	splendid	this	track	work	world
any	appreciated	be	can	did	first	game	in	listen	may	movie	or	recall	reference	song	this	where	would
anyone	got	me	more	please	share	similar	songs	that	this	with
already	by	dare	don	even	into	just	listening	music	tears	the	to	video	watching
an	friend	good	like	mean	old	really	she	sounds
all	at	before	better	car	door	drive	hang	in	movie	movies	music	on	play	sounds	speaker	than	the	their	they	this	we	window	would
and	asleep	crying	fell	little	my	play	she	sister	song	started	this
be	beautiful	brings	ever	hear	her	how	if	ironic	lovely	me	most	must	not	of	one	she	sing	such	tears	the	to	voice	voices	when
2019	always	and	anyway	in	it	likes	listens	mom	much	my	she	sings	song	still	this	very	who
always	amazing	an	and	attention	beating	bless	clean	crap	draw	garbage	god	have	karen	like	live	on	others	resort	she	song	such	themselves	to	voice	who	will	without	world
ages	and	can	describe	emotion	feeling	for	more	no	one	perfection	smooth	that	the	voice	with
beautiful	could	have	how	if	just	seen	she	was
beautiful	can	eyes	few	had	her	in	me	my	others	she	tears	this	touches	typing	voice	way	with
about	detailed	evergreen	everything	good	how	is	moving	musics	quick	rip	so	song	the	this	to	world
1969	1973	album	always	and	anyone	as	beautiful	bought	but	can	dad	don	early	far	go	had	her	lot	loved	mother	my	of	really	she	single	singles	song	such	that	the	their	then	think	this	touch	vocals	voice
am	an	are	darn	eyes	here	listening	my	now	onions	put	running	song	these	this	to	who
backs	for	future	good	have	hope	look	many	memories	more	service	thank	you	your
admit	but	days	generation	grew	have	like	ll	more	of	part	song	songs	than	that	the	these	this	to	up	wasn	with
all	beautiful	did	have	her	however	love	music	out	put	she	song	soul	that	they	very	wish	would
and	because	grandparents	hanging	is	kind	love	my	of	out	parents	songs	this	why	with
alone	and	better	happened	her	hip	hop	is	music	our	put	rap	than	to	today	together	voice	what
any	can	cover	feedback	give	hope	it	made	me	much	of	on	so	song	thank	this	you
and	bankrupt	brother	did	he	her	hope	is	lived	not	off	problem	see	the	voice
1st	70	after	am	background	chorus	comma	half	in	is	just	melody	name	noticed	of	one	only	piano	riff	says	she	shines	sings	song	still	that	the	to	what	who
all	disliked	don	for	have	music	people	taste	the	this	to	who	you
be	classic	forever	heart	is	people	song	that	this	truly	will
and	be	has	hear	her	imitated	in	is	its	know	never	once	resonance	she	that	to	totally	unique	voice	you
for	gave	great	lyrics	some	songs	speak	team	the	themselves	they	us	were	wonderful
and	beautiful	can	clear	crystal	else	her	melancholy	no	one	recreate	remarkable	voice
and	casper	change	for	hear	heard	her	in	just	key	made	of	recorded	ride	that	the	they	those	ticket	to	what	you
best	dear	friend	my	nice	so	to	weekend	wishes	wonderful	you
anyone	at	it	laugh	liking	makes	me	not	of	song	the	this	thought
always	artist	beautifully	best	can	fantastic	female	find	it	lyrics	match	song	that	the	written
absolutely	all	an	devastating	down	her	loss	my	sends	shivers	singing	spine	still	to	us
affluence	disturbing	era	good	heart	in	is	it	just	made	masterpiece	more	necessary	now	of	richness	song	state	than	that	the	things	valued	was	when	world
about	always	and	at	be	come	day	do	don	excited	good	had	have	is	know	knows	love	me	night	same	say	so	that	the	thing	this	thought	to	want	what	why	work	you
ever	in	industry	loss	most	music	of	one	the	tragic	unique	voices
and	beautiful	bloody	drums	era	fantastic	heartfelt	her	in	lost	of	only	play	pretty	problem	recluse	sadly	say	she	soulful	the	to	unheard	voice	wanted	was	who
about	how	is	know	meta	of	realized	singing	something	song	think	this	you
age	birth	death	of	old	perception	sorrow	suffering
almost	and	apologize	came	charge	completely	discharged	got	here	is	my	only	phone	preserve	thank	the	to	you
000	100	and	are	around	bankrupt	barbados	be	becomes	being	billion	billions	business	but	carlos	comes	company	concern	concerns	could	director	dollar	fall	friend	further	get	go	goes	hinds	holders	in	invest	is	it	king	lawyers	managing	not	nothing	of	peter	share	suicide	than	that	the	those	to	what	why	will	you	zulus
age	and	at	be	god	great	height	her	left	of	prime	sad	singer	so	such	talented	the	to	us	with	young
anymore	beautiful	don	like	make	singers	that	they	timeless	truly	voice	wonder
and	another	behind	clear	damn	effortless	ended	enjoy	good	her	karen	left	listening	lot	love	music	of	one	rip	sad	seemed	she	sing	so	soon	taken	that	the	this	to	too	voice	was	way	woman
able	all	and	arranged	been	brother	but	by	crafted	credit	do	enough	gets	has	he	her	is	it	not	of	quieted	repackage	richard	shame	so	songs	soon	that	their	think	to	too	voice	was	were	what	wonderfully
amazing	an	and	beautiful	before	but	is	it	my	sad	song	soul	still	time	touches	was	what
anymore	as	bad	childhood	good	music	no	song	such	there	thing	too	very
400	and	beautiful	bought	btw	carefully	curios	daughter	doll	dollars	find	for	googled	got	has	her	here	if	in	indeed	is	it	karachi	listened	loops	low	my	of	out	pakistan	part	preset	quality	real	rupees	singing	so	song	sound	the	those	to	was	where	words
and	close	feeling	five	happy	how	into	matter	no	seconds	song	tears	this	to
body	every	her	love	melodious	no	she	sings	song	sweeter	than	voice	with
act	allergies	and	beautiful	died	everytime	eyes	hear	lose	man	my	she	song	start	such	this	up	voice	watering	what	when
asking	blacklane	bolt	boot	car	class	even	for	fresh	into	is	it	long	make	me	of	off	on	pie	sense	shove	sing	steamer	thank	the	to	well	you
america	another	comment	in	its	nam	not	on	play	played	radio	sad	saw	song	still	that	the	they	this	video	viet
am	and	being	better	but	can	could	couldn	depressed	done	everything	fixed	from	got	have	help	just	know	listen	more	nothing	sad	sadder	that	the	this	to	undo	wished	you	yourself
30	awakening	by	chopin	cried	ending	for	kate	last	listening	minutes	monday	of	reading	sad	song	straight	the	this	to	while
and	good	is	latina	mixed	or	pretty	race	she	singer	so	very
90s	and	child	house	incredible	is	just	like	she	sounds	this	too	track	wow
accent	although	come	dc	girl	has	lol	moan	she	southern	think	was
2019	disco	don	even	fresh	hear	house	in	it	often	on	shows	sounds	this	timeless
14	and	as	back	bell	but	concerning	end	fashionable	good	guess	hair	her	is	it	just	my	only	same	shape	she	that	the	then	times	was	wow
as	black	either	fantastic	first	girl	has	heard	is	it	mixed	race	she	singing	this	thought	voice	was	way	when
1980	1981	90s	always	and	attempts	been	but	by	dead	declined	disco	for	from	has	in	it	july	lived	only	rapidly	revival	sad	short	the	there	totally	very	was	why
as	but	especially	feel	feeling	happier	in	is	itsliverpool	liverpool	love	low	making	me	much	this	track	tune
age	and	at	doing	done	dream	for	gifted	is	lot	nice	now	of	only	people	she	such	tender	voice	well	what	where	wonder	young
25	age	all	and	anyone	are	been	before	business	but	could	couldn	dance	do	had	hair	have	heart	her	in	it	just	know	mess	million	my	never	no	of	oh	other	people	popular	presence	retired	seen	she	show	showed	stage	that	the	there	they	things	think	this	to	was	wasn	who	why	wish	with	you
adorable	also	and	beyond	complexity	her	in	is	nuance	there	voice	years	yet
after	also	and	are	band	because	being	but	did	don	due	enough	full	fully	got	great	have	hits	it	knew	know	lived	long	made	many	maybe	mostly	never	not	or	people	popular	problem	rated	really	say	see	stay	that	the	their	these	they	this	time	together	underappreciated	underrated	understand	was	we	were	with	years	yes
another	beautiful	beauty	been	black	blow	call	channel	day	didn	english	few	good	great	have	his	into	is	laugh	longer	more	never	nice	of	playing	real	song	songs	staves	super	that	the	their	they	thing	this	though	tire	tony	were	what	windy	wish	wold	would
about	another	as	be	beatles	but	cares	clearly	conversation	could	harmonies	history	hollies	in	it	level	match	no	one	part	regard	same	that	the	to	took	vocal	with
about	ahead	and	are	around	end	ever	go	guys	harbor	have	he	heard	hey	horn	how	if	instinctively	into	kinds	laugh	looking	looks	nash	noticed	of	often	ships	song	the	these	things	think	towards	turns	was	wondered	yes	you
and	at	band	being	clapping	crazy	everyone	fantasize	going	guys	if	in	is	laugh	me	playing	song	that	this	told	would	you
1966	67	always	and	anybody	been	before	beginning	both	but	came	can	ears	else	familiar	first	following	for	have	heard	hearing	hey	hollies	if	in	it	just	know	love	melody	memories	might	miles	minds	more	of	one	other	parallel	see	seems	song	songs	that	the	they	think	this	to	ve	versa	vice	when	where	whispering	who	with	wondering	wrote	you
any	attention	before	but	course	good	heard	is	never	of	paid	really	this	ve
150	1930s	actually	attack	but	come	could	from	future	good	he	herbert	his	hitler	in	next	not	novels	of	predict	predicting	predictions	pretty	series	shape	so	soviet	start	that	the	things	to	tried	union	was	wells	went	where	would	wrong	wrote	wwii	years
about	and	at	band	commented	gas	great	heard	in	kid	love	never	of	register	sad	she	so	station	stopped	store	system	the	them	this	to	tune	very	was	what	yesterday
and	bad	band	camera	deserved	did	dominates	equal	especially	face	instruments	lead	members	not	of	other	played	recognition	since	singer	the	they	too	video
14	agree	are	british	can	good	grew	if	invasion	is	like	matter	me	music	no	or	person	some	that	the	this	up	we	who	with	you
all	and	anyone	be	brilliant	come	compare	cooler	from	future	guys	may	music	now	out	soldiers	than	the	there	these	tomorrow	was	we	were	without
already	are	biography	crossed	fans	few	has	in	it	like	making	mind	not	of	one	only	or	sure	tell	the	themselves	there	think	time	to	two	will	write	you
afraid	answer	as	be	but	can	expert	give	guitarist	here	like	looks	may	not	right	straight	you
80s	always	and	anybody	as	beatles	but	can	else	elvis	getting	great	have	here	influential	into	ironically	just	likes	listening	love	many	of	old	once	really	saw	so	sounding	started	stop	the	them	they	thing	to	too	tunes	type
actually	admit	away	been	before	blown	by	embarrassed	first	have	his	how	is	it	listened	long	really	singing	the	this	time	to	took
and	audience	by	checked	could	doc	doesn	dream	every	get	girl	he	heart	how	hypnotizes	if	in	it	make	might	need	of	puts	race	seen	single	song	state	the	then	this	to	wish	you	your
after	all	and	anyone	apparently	at	back	be	birth	died	dude	end	go	gospel	him	his	in	jesse	late	named	resemblence	seen	singer	so	striking	that	the	this	to	tomorrow	true	twin	was	we	will
be	best	elders	gives	headache	honest	just	nowadays	old	songs	the	to	were
about	agree	and	be	because	can	crap	elvis	gang	garbage	go	gonna	gucci	here	if	is	king	know	let	like	magnificent	me	music	new	no	not	or	people	person	please	replace	right	rolex	rude	seriously	sounds	that	the	think	this	to	today	wait	what	you
and	at	beach	dance	dream	get	hawaii	listen	my	partner	song	such	the	this	to	wanna	when	with
4th	best	did	is	know	selling	single	song	that	the	this	worldwide	you
about	always	because	born	circle	comment	dont	generation	in	is	jerk	kids	like	listen	listening	music	of	old	on	ones	only	re	section	smart	that	the	they	thing	think	to	wrong	youtube
20th	are	artists	century	come	do	for	guys	in	listening	mail	medal	most	of	one	recognizable	special	sure	the	to	want	when	wow	you	your
and	better	carefully	for	god	if	is	kind	listen	music	now	of	story	tells	than	thank	that	the	this	way	you
and	best	brought	ever	glad	guy	he	hearts	in	is	king	lived	lives	music	musician	of	on	our	so	still	that	the	this	up	was
but	charming	from	is	more	mother	much	must	naples	of	original	say	so	song	speak	than	the	think	this	tongue	version
17	40s	50s	60s	age	all	alternative	and	as	at	basic	been	bold	come	compared	conclusion	currently	existent	experience	explicit	for	fossils	from	group	has	have	here	historic	however	illicit	in	is	isn	it	listen	love	modern	more	much	music	my	never	non	of	or	others	past	people	points	pretty	profane	realise	some	taste	that	the	they	to	what
2019	2040	80s	am	another	as	evoke	evolution	in	is	it	just	milestone	music	of	response	similar	still	sure	the	was	will	year
and	beautiful	creation	evergreen	for	is	love	melodious	much	music	romantic	so	song	sweet	thank	the	this	very	wonderful	you
don	get	good	how	is	it	just	lyrics	many	matter	no	of	repeated	same	so	song	that	the	this	times	tired	you
all	and	anymore	are	at	be	behind	being	broke	but	came	can	crazy	decide	dizzy	don	everytime	excitement	exciting	fear	got	have	heart	here	if	it	look	love	made	me	more	my	night	person	running	see	seen	star	stop	that	the	there	to	up	ve	what	when	with	yes	you
almost	change	feeling	for	gonna	got	have	if	love	months	my	nothings	read	remember	strong	this	were	will	wuv	you
15	1998	22	and	are	boyfriend	day	first	for	he	him	husband	it	last	loved	my	old	send	since	song	the	this	to	together	valentine	was	we	years
aren	bullshit	for	from	give	heart	in	is	it	just	life	love	materialistic	now	songs	that	the	their	they	today	true	what	where	will	with	written	wrong	you
all	down	gave	in	is	it	know	love	most	of	one	person	really	romantic	songs	the	thumbs	time	to	want	what	who	with	wrong	you
1988	about	anymore	appreciated	as	backup	be	because	but	change	don	era	especially	ever	fool	for	going	great	have	having	her	if	in	incase	is	it	just	love	may	might	not	nothing	otherwise	plan	ready	sacred	song	still	this	thought	to	track	true	upload	very	via	without	you
afternoon	and	anyone	beach	breeze	california	cool	dress	faded	floaty	good	have	in	lady	late	levis	linen	of	on	refreshing	romantic	sand	shirt	suggestive	summer	the	think	walk	white
all	for	have	her	how	it	lady	love	much	say	says	song	the	this	to	true	when	you
do	fantastic	little	new	of	should	someone	song	this	version
about	are	days	gone	music	nothing	people	real	sing	the	they	today	when
and	brains	by	deserves	despecio	humans	if	is	it	light	makes	me	more	most	of	outbeats	something	swift	taylor	the	this	trillion	video	views	with	wonder	wrong	years
about	are	away	best	breath	certain	gave	have	he	held	him	his	hug	hugs	it	just	man	me	mind	my	omg	on	takes	the	thinking	tight
1987	back	been	fucking	getting	he	in	laid	like	looked	lot	mendes	much	must	now	shawn	so	then	ve
and	at	changes	crucifix	got	his	know	lets	look	man	okay	on	shirt	the	this	three	times	you
1980	be	certainly	focus	for	in	not	soft	sure	that	the	we	where	without	would
80s	about	during	especially	in	it	just	love	not	overplayed	perfect	so	song	the	they	this	weddings	were	what
banger	believe	best	in	is	love	matter	missing	no	real	this	we	what	world	year
being	call	called	deserver	evergreen	got	happiest	has	it	just	life	moment	not	of	people	priceless	song	that	thing	thousand	what
am	and	bad	believe	change	crying	do	feel	for	god	going	how	is	it	love	makes	me	not	nothing	now	of	so	someone	the	they	think	to
best	everytime	favorite	forever	hear	heart	in	is	love	my	no	of	one	question	radio	song	that	the	this	touch	when	wow
42	am	an	and	beautiful	been	born	era	feel	have	in	kids	like	lucky	make	me	music	my	now	nowadays	of	play	proud	really	so	songs	them	these	they	to
bad	caught	change	detention	ever	for	gonna	he	how	if	know	ll	lol	never	nothing	now	since	sings	teacher	wonder	you
and	attractive	been	boy	could	dude	feel	for	had	he	huge	like	movie	natural	not	on	pinup	romantic	screen	seemed	side	soft	star	teenage	typical	ve	was
18	about	ago	all	change	ever	feeling	for	gonna	have	its	love	lovely	loving	married	my	nothing	same	says	song	still	the	this	truly	wife	years
2018	add	ago	all	an	by	couple	didn	find	had	honest	idea	innocence	it	kid	may	no	out	seems	sung	these	this	to	until	was	weeks	years
and	as	been	benson	better	called	classified	emotion	feelings	george	glen	good	great	had	he	hit	if	it	now	of	one	overall	popstars	pretty	sang	so	some	song	still	than	these	this	tune	with	wonder
and	attention	create	heart	how	inside	it	listening	live	love	me	my	snatched	song	taught	this	to	uncle	was
although	blue	budget	ever	front	in	is	lol	lowest	music	not	of	probably	screen	seen	the	this	ve	video
aged	almost	but	cute	downhill	go	guess	guy	handsome	harder	he	his	like	looked	looks	middle	more	naturally	now	preserve	re	sad	should	so	still	that	this	though	to	typical	ve	when	wish	worked	you	young
ages	anymore	can	day	have	like	music	this	we	what	why	with	wrong
80	90	and	born	came	even	from	love	music	out	really	song	the	this	though	wasn	when	yet
again	and	be	believe	blessed	brightens	but	can	face	feel	first	god	hard	heart	him	his	in	its	just	like	lost	love	may	melts	moon	much	my	never	of	send	so	song	stars	stop	sweet	thank	the	think	thinking	this	thought	thoughts	time	too	ve	very	wait	walker	wanna	way	with	world
and	as	be	can	complaining	first	go	good	guys	if	it	listen	ll	make	music	one	stop	the	this	to	you
day	kind	listening	love	make	music	my	of	real	this	to	up
an	and	as	best	chock	college	cool	curious	educator	emerge	era	for	from	full	great	hi	himself	imho	in	is	mederios	mr	now	of	on	one	ones	pop	prep	president	pretty	reinvent	romantic	school	songs	the	to	went
about	and	are	behind	better	etc	from	gonna	her	how	is	modern	much	music	other	songs	take	that	think	you
about	actually	all	days	great	in	its	looks	meant	music	something	that	these	videos
2017	and	at	but	cry	do	everytime	funny	girlfriend	great	have	hope	its	makes	me	not	sad	same	song	the	this	time	you
can	find	innocent	kind	love	of	song	these	video	where	with
all	beat	classic	excellent	it	its	just	love	millennium	of	one	romantic	song	the	time
and	easy	exactly	great	hear	innocent	is	just	right	says	simple	so	song	to	wants	what	woman
and	are	as	at	beautiful	country	currently	going	has	husband	it	just	me	meaningful	my	of	out	present	real	reduced	sent	so	song	tears	the	this	through	time	to	tough	who	words
here	like	live	love	not	quite	record	singing	sounds	that	the
ain	always	amen	anymore	best	for	gonna	in	loved	much	of	one	peace	performance	rest	says	scott	shine	sun	talent	thank	the	this	what	you
about	are	background	but	definitely	live	music	not	on	performed	sure	the	this	vocals
awesome	be	have	in	is	it	limitlessly	parallel	reincarnated	that	to	universe	voice	want	where
after	and	another	at	beginning	cause	cockamame	come	dead	door	dream	for	has	have	idea	improvement	in	light	love	loving	lucky	make	mean	minute	move	of	one	our	really	rest	room	says	second	seeing	should	special	still	sure	that	the	true	tunnel	wait	way	with	you
as	good	group	hear	live	nice	sounds	studio	that	the	to	version	well
be	better	brothers	did	frankie	hear	in	is	mind	must	my	of	one	only	original	recollection	slow	song	than	the	think	thinks	this	too	valli	version	walker	when	who	yes	you
am	and	better	did	fast	four	horrible	is	much	one	only	seasons	so	that	the	thinks	this	too	version	who
again	and	apparently	came	do	hear	heard	it	love	loved	myself	need	on	out	song	still	supernatural	that	this	thought	to	when
all	am	and	any	anymore	for	gets	gonna	his	in	is	looking	lose	man	of	one	son	that	the	way	wife
and	arms	can	come	downy	easily	even	fore	hair	how	interesting	means	now	on	scott	see	technology	tendons	that	the	this	to	todays	veins	vintage	we	with
60	again	along	and	appeared	association	brothers	case	comes	didn	for	had	in	info	interested	is	it	jim	live	mary	on	one	original	re	realize	recording	show	singing	smothers	sophisticated	such	technology	thanks	the	they	tube	where	with	yester	you
50	60	70	and	appearances	artists	back	band	be	didn	do	easy	engineer	even	frequently	get	in	making	need	needed	only	sound	studio	technique	the	they	this	to	tracks	up	used	very	weren	whenever	with	you
bass	but	cool	did	easy	echoed	emptiness	excellent	four	going	great	has	in	it	like	line	lose	lyric	miss	more	much	musically	no	nothing	on	one	out	piano	place	re	really	seasons	so	song	spectorish	start	stuff	that	the	there	this	to	what	win	with	you
further	guys	have	it	made	nice	real	should	song	sound	theme	these	voices
1966	20	ain	also	among	and	anymore	aren	at	aware	beatles	been	brothers	but	charting	club	country	did	especially	fact	fan	girls	gonna	have	high	hit	in	it	larger	lead	less	most	new	number	of	particularly	people	popularity	reached	said	scott	shine	successful	sun	teenage	than	that	the	their	this	to	uk	vocalist	walker	was	well	which
1965	1966	2019	as	brothers	but	by	december	do	does	frankie	he	in	it	just	justice	label	love	more	not	on	originally	recorded	released	single	smash	song	successful	the	this	valli	walker	was	when
11	19	29	and	day	end	great	here	keep	listening	of	on	powerful	song	the	this	time	timeless	until	we	will
beyond	eternal	had	idea	no	song	that	the	their	theme	they	this	time	was
am	and	away	but	else	father	got	has	here	in	is	its	just	listening	morning	my	nearly	passed	shine	smiling	somehow	sun	sure	the	thinking	this	to	track	who	will
000	50	80	about	agree	ain	all	alone	and	anymore	as	being	best	but	can	company	favorite	funny	garbage	gonna	good	has	have	in	is	it	itunes	made	marin	most	mr	music	my	none	of	one	out	put	shine	so	songs	stand	stands	sun	surname	that	the	their	there	this	to	today	trio	very	walker	wholeheartedly	with
america	american	an	as	band	britain	brothers	did	due	famous	have	history	in	it	made	may	not	righteous	than	the	they	to	walker
alike	always	an	and	are	artistically	because	both	brothers	confuse	deal	deserve	for	great	groups	is	magnificently	masterpiece	much	of	outstanding	probably	reason	respect	righteous	so	some	song	sound	sung	the	they	this	unforgettable	walker	what	with	wow
2019	28	again	aloud	and	apt	do	every	four	in	listening	listens	loving	my	or	second	sept	should	singing	the	three	trick
ever	for	gonna	great	head	in	is	my	of	one	ones	rings	shine	sun	that	the
60	ago	and	couple	day	era	every	fantastic	for	from	great	instruments	into	it	listen	lyrics	missed	music	now	of	one	posting	ran	somehow	song	thanks	the	this	to	video	voices	weeks
10	doomsday	ever	favorite	it	just	knowing	love	my	of	one	song	songs	these
and	clarity	depth	deteriorated	has	his	like	listen	male	music	no	of	sad	so	sounds	the	this	timber	to	today	vocalist	voice	way
definitely	even	five	for	have	in	is	it	like	loved	many	more	my	never	of	song	the	think	this	tire	today	top	years
bad	create	didn	enjoy	for	forever	greatest	history	in	it	like	master	more	musical	of	one	pieces	that	the	they	this	to	too	us	voices
and	break	crazy	drama	easy	had	it	meaning	not	on	real	some	song	songs	take	these	this	up	voice	what	yourself
all	and	be	beautiful	day	dead	forever	from	generation	get	glorious	god	it	listen	music	musicians	of	one	our	shared	the	to	up	us	wake	we	will	with
60	and	available	back	beautifully	classic	crafted	defining	equipment	era	given	great	haunting	in	many	moving	music	of	one	recording	so	songs	sound	the	them	then	there	those	was	way	were	what
about	all	and	artists	can	fame	generation	is	like	lust	money	new	nobody	nowadays	sing	song	sucks	the	they	this	today	touching	write
about	better	each	got	just	listened	million	perfect	song	that	time	times	to
19	60s	additional	amazing	and	away	blows	correct	drummer	fantastic	for	format	headphones	hearing	hidden	in	is	it	its	kan	magnificent	mind	much	never	off	our	player	presenting	production	ps	record	so	some	somewhere	stereo	thank	the	this	thru	try	uk	was	you	your
beam	best	captured	day	died	download	era	had	has	me	music	no	not	of	one	own	scottie	shined	since	sound	sun	that	their	they	this	to	up	yet
always	been	by	company	create	have	intelligible	more	orchestra	overwhelmed	record	the	version	vocals	wish	would
an	awful	camera	clever	clip	considered	day	despite	great	in	irritating	it	its	microphone	obscuring	performance	perhaps	singers	song	the	was	what	with	work
brilliant	but	detract	difficult	elsewhere	from	good	have	imprinted	in	look	mind	my	no	not	once	really	seen	sound	such	the	tight	to	trousers	way	wish
and	beautiful	feeling	great	has	hear	here	innocence	its	kinds	life	little	love	of	original	pure	song	songs	spirted	such	these	to	vocals
again	all	any	arrangement	because	better	compare	doesn	every	favorite	few	get	harmony	hear	in	ll	love	music	my	never	of	one	past	perfect	songs	super	than	the	this	those	time	today	voice	way	with	you
60s	ballads	brilliant	by	engel	full	given	great	masculine	melancholy	mid	of	one	pop	scott	the	throttle
and	before	for	going	here	it	keeping	out	pretty	ricky	thank	they	watch	were	you
am	as	bass	bottom	but	does	here	home	is	it	like	miami	no	not	now	of	one	only	tell	that	the	to	well	whopper	you
80	90	back	bass	can	classics	early	era	florida	from	had	honestly	in	is	lock	many	mid	music	on	one	out	say	so	south	that	the	this	those	through	whole
agree	all	an	any	anything	are	as	ask	be	cookout	every	family	fits	genders	generation	greatest	hey	if	is	let	listen	much	muchm	no	now	of	one	other	out	party	play	races	same	seemed	situation	song	tell	thank	that	the	them	there	this	time	to	type	will	ya	you
and	beat	coincide	degrade	diss	downgrade	has	innovate	inspire	it	know	like	lost	made	motivate	music	na	need	not	or	purpose	sha	this	to	voice	want	were	what	you
all	and	because	but	called	felt	how	is	love	men	now	our	soft	that	this	to	told	try	we	when	where	why	women	you	your
ago	and	be	been	bit	but	come	could	do	email	few	great	have	if	in	information	intended	is	it	little	lot	months	more	next	of	one	only	schedule	see	solely	that	the	this	to	we	week	weeks	would
age	and	as	can	classic	comments	don	dumb	exactly	from	have	in	is	it	just	life	like	love	may	me	means	more	much	no	nor	other	others	say	so	song	than	that	their	there	they	this	to	tomorrow	twice	whatever	will	you
age	all	and	at	await	ball	by	can	dudes	great	had	have	he	imagine	leo	less	listen	man	many	masterpieces	more	natural	not	of	on	only	passed	pop	radio	songs	such	talent	tarts	the	them	then	this	to	today	wailing	would	written	you	young
amazing	and	enchanced	era	graphics	hd	is	just	music	no	not	real	really	simplistic	something	special	that	there	those	to	yet
end	happens	is	just	much	paint	pretty	that	too	up	wearing	what	when
after	all	amazing	and	came	cute	grandma	guy	has	here	listening	singer	smile	street	sweet	that	the	to	we	yes
after	amount	dog	her	here	included	is	lady	media	myself	of	people	powerful	seeing	singing	source	such	sweet	the	twitter	unbelievable	video	with
after	and	came	can	chihuahua	dog	ever	have	her	here	herman	intelligent	is	jack	listening	lola	love	loving	malinda	mix	more	most	owned	rescue	russell	say	sensitive	she	singing	terrier	than	the	to	too
different	find	first	format	in	is	prefer	seen	so	song	soothing	the	this	time	ve	video
able	as	be	beautiful	beauty	bottom	delivered	from	great	heart	how	is	love	measure	message	much	never	of	song	the	this	to	today	tomorrow	twice	unfortunately	weight	what	will	word	you	youngsters
advance	been	chorus	com	for	goes	hard	https	in	it	like	melodica	months	off	or	remember	s160cdsw59ye	same	similar	so	something	song	starts	thanks	the	there	this	to	trying	ve	vocaroo	way	with
boyfriend	can	for	future	him	if	love	me	more	my	say	sing	song	tell	than	that	this	would
and	as	could	hear	it	love	man	over	sing	song	special	this	to	way	young
after	came	did	girl	girlfriend	happened	he	her	his	marry	new	real	scruffy	then	to	unattractive	what	with	wonder	zealand
all	am	and	another	around	bulls	dance	days	epileptic	feels	guy	is	it	just	look	lot	music	noise	of	seized	the	those	today	was	way	were	when	who	you
are	at	cars	clear	drive	good	is	late	night	of	relaxed	streets	the	this	to	tune	vibe	when	with
be	california	car	desert	driving	golden	imagine	listening	moment	roadway	song	sunset	the	this	through	to	warm	with	would
and	are	but	dear	film	like	my	permission	re	really	short	sir	song	too	use	want	you
and	but	by	forget	gives	is	leo	life	many	memorable	never	not	one	singer	singing	song	that	will	you
always	and	as	beautiful	boot	good	have	his	looking	love	music	talented	to	very	voice	well
80s	and	any	are	broadcast	classics	early	era	get	huge	many	more	of	other	pop	radio	songs	still	streaming	than	them
70	80	about	and	art	care	day	generation	good	if	musics	of	part	signers	that	they	true	were	wish
and	before	bit	breath	came	every	from	gather	it	like	more	out	sounds	take	than	what	you
am	another	cry	do	guy	just	make	me	mean	to	you
and	else	gift	giving	goes	how	is	it	keeps	know	love	on	someone	that	the	they	to	will
can	dance	dancing	friends	if	in	keep	mind	on	physically	so	you	your
another	elvis	guy	he	is	just	no	of	original	singer	song	the	this	thought	was
annoying	are	assume	by	certainly	dancing	does	feel	he	himself	in	is	judging	leo	like	listeners	love	make	me	not	sayer	that	the	to	video	viewers	with
crazy	eye	fell	full	in	insane	just	like	loud	my	of	singing	so	sometime	song	sorrow	tears	this	unsaid	with
action	afro	and	apparent	background	be	bizarre	bob	down	entire	for	have	hot	how	in	it	no	on	painting	reason	ross	seriously	some	that	the	throughout	to	video	would
40	an	brought	c9	daddy	dated	film	haven	here	home	in	instrumental	just	me	myself	of	only	song	sweet	the	this	thought	vintage	was	yeah	years
80	adult	and	arranging	away	by	can	complete	couple	dozen	from	golden	later	made	me	melody	message	my	of	oldies	one	only	or	orchestration	other	outstanding	pull	simple	songs	standards	that	the
as	be	countrify	course	day	it	may	never	nice	of	one	song	they	this	version	will
at	beautiful	could	dislike	don	hits	home	how	is	it	right	someone	song	such	this	understand
and	beautiful	better	devices	digital	excellent	far	in	it	lyrics	modern	more	music	on	produce	real	rely	singers	singing	than	the	to	versions	voice	was	which
and	arts	class	family	fan	for	future	good	happiness	health	in	legenda	life	light	love	luck	much	music	musical	nice	prof	real	rock	sing	soft	thank	the	time	too	very	with	you	young
accepting	age	and	are	big	come	currently	dates	dudes	every	girl	guy	ha	hair	if	im	in	international	mean	my	no	not	on	pink	pretty	range	sing	suit	them	this	to	want	with	would	you
and	as	cutting	doing	gifts	giving	he	is	like	making	out	pictures	them
absolutely	all	and	favorites	hearing	it	love	my	never	of	one	song	this	time	tire	will
but	cup	extremely	he	heart	his	isn	like	melting	my	of	one	really	some	songs	tea	this
1980	about	all	around	as	boyfriends	brother	doormat	favorites	gonna	good	has	he	him	it	let	like	look	love	me	my	of	one	really	safe	song	sort	tell	that	though	use	was	you
as	at	but	care	clown	for	funny	guy	he	hospitals	in	is	kids	least	leo	most	nice	nonetheless	not	of	others	out	people	really	sick	singing	started	that	thinks	would
as	but	don	going	got	he	him	know	of	on	opening	or	painter	richard	seeing	simmons	softly	speaks	suggest	that	the	thing	video	well	who	would
afraid	and	beautiful	feel	him	how	is	it	love	really	sad	someone	song	such	tell	this	to	when	you	your
age	am	and	comes	dear	friend	glad	important	is	it	like	music	not	song	that	think	this	time	to	when	you
